{
    "0.3": {
        "epoch=499.ckpt": 56.06,
        "flops": {
            "flops": 523532.53125,
            "flops_per": 29.560474395751953,
            "flops_reduction": 0.7043952941894531,
            "flops_orig": 1813561344.0
        }
    },
    "0.4": {
        "epoch=499.ckpt": 57.94,
        "flops": {
            "flops": 697002.75,
            "flops_per": 39.35520553588867,
            "flops_reduction": 0.6064479351043701,
            "flops_orig": 1813561344.0
        }
    },
    "0.5": {
        "epoch=499.ckpt": 60.36,
        "flops": {
            "flops": 858004.625,
            "flops_per": 48.4459342956543,
            "flops_reduction": 0.5155406594276428,
            "flops_orig": 1813561344.0
        }
    }
}