{
    "0.3": {
        "epoch=499.ckpt": 56.08,
        "flops": {
            "flops": 536097312.0,
            "flops_per": 29.560474395751953,
            "flops_reduction": 0.7043952941894531,
            "flops_orig": 1813561344.0
        }
    },
    "0.4": {
        "epoch=499.ckpt": 57.86,
        "flops": {
            "flops": 713730816.0,
            "flops_per": 39.35520553588867,
            "flops_reduction": 0.6064479351043701,
            "flops_orig": 1813561344.0
        }
    },
    "0.5": {
        "epoch=499.ckpt": 60.38,
        "flops": {
            "flops": 878596736.0,
            "flops_per": 48.4459342956543,
            "flops_reduction": 0.5155406594276428,
            "flops_orig": 1813561344.0
        }
    }
}